,loss,o1_f1,o1_loss,o2_f1,o2_loss,val_loss,val_o1_f1,val_o1_loss,val_o2_f1,val_o2_loss,learning_rate
0,6.248934745788574,3.6264171600341797,0.6847068667411804,0.6890016794204712,0.6936690807342529,6.1912312507629395,4.663059711456299,0.660064160823822,0.2777777910232544,0.6906866431236267,9.999999747378752e-05
1,6.191120624542236,5.07201623916626,0.6623338460922241,2.0706560611724854,0.6920105814933777,6.144835472106934,4.895833492279053,0.6326913833618164,3.946296453475952,0.688295841217041,9.999999747378752e-05
2,6.133208274841309,5.198601245880127,0.6418168544769287,4.6282734870910645,0.6894258856773376,6.0801849365234375,4.895833492279053,0.6042811274528503,4.884650230407715,0.6831160187721252,9.999999747378752e-05
3,6.061516761779785,5.175334453582764,0.6212213039398193,5.190075874328613,0.6844953894615173,5.992149829864502,4.895833492279053,0.5758768320083618,4.976445198059082,0.673193633556366,9.999999747378752e-05
4,5.966990947723389,5.167881011962891,0.6012870073318481,5.284296989440918,0.6756829619407654,5.87373161315918,4.895833492279053,0.5491011142730713,5.007830619812012,0.6564198732376099,9.999999747378752e-05
5,5.843682289123535,5.160048961639404,0.5829986333847046,5.288616180419922,0.6617690920829773,5.720427989959717,4.895833492279053,0.5253581404685974,5.007830619812012,0.631949245929718,9.999999747378752e-05
6,5.694922924041748,5.143528938293457,0.5669457316398621,5.293952465057373,0.6434522271156311,5.534237384796143,4.945833683013916,0.5053118467330933,4.944699287414551,0.6005744338035583,9.999999747378752e-05
7,5.520532608032227,5.139082431793213,0.5532276034355164,5.25380802154541,0.6203551888465881,5.329357147216797,4.945833683013916,0.48898157477378845,4.944699287414551,0.564956784248352,9.999999747378752e-05
8,5.356115341186523,5.129997253417969,0.5415468811988831,5.171448230743408,0.5981243252754211,5.132582664489746,4.945833683013916,0.4759167432785034,4.884650230407715,0.5305140018463135,9.999999747378752e-05
9,5.190245628356934,5.109585285186768,0.5313920378684998,5.139886379241943,0.5755429863929749,4.958757400512695,4.945833683013916,0.46535077691078186,4.947781562805176,0.5001434683799744,9.999999747378752e-05
10,5.044534206390381,5.096292495727539,0.5222805142402649,5.1576313972473145,0.5553291440010071,4.812567234039307,4.945833683013916,0.4565292298793793,4.947781562805176,0.47490715980529785,9.999999747378752e-05
11,4.927280902862549,5.126742839813232,0.513855516910553,5.170719146728516,0.5395892858505249,4.6995368003845215,4.945833683013916,0.44891300797462463,4.944699287414551,0.45550820231437683,9.999999747378752e-05
12,4.808210849761963,5.137944221496582,0.5058728456497192,5.208632946014404,0.5233420133590698,4.597605228424072,4.991793155670166,0.441815584897995,4.944699287414551,0.43925240635871887,9.999999747378752e-05
13,4.73611307144165,5.160429954528809,0.49817773699760437,5.171538829803467,0.5139884948730469,4.516109943389893,4.871591091156006,0.4352656602859497,4.944699287414551,0.4266362190246582,9.999999747378752e-05
14,4.628814697265625,5.174042224884033,0.49071118235588074,5.206201076507568,0.4999493360519409,4.4402570724487305,4.931640148162842,0.42896589636802673,4.884650230407715,0.41551506519317627,9.999999747378752e-05
15,4.562199592590332,5.1964030265808105,0.4834313988685608,5.165657997131348,0.4914938807487488,4.378037452697754,4.762500286102295,0.4231002628803253,4.975559711456299,0.4066493809223175,9.999999747378752e-05
16,4.495965003967285,5.181594371795654,0.47632691264152527,5.189526557922363,0.4832861125469208,4.320119380950928,4.822549343109131,0.417344331741333,4.90962553024292,0.39878174662590027,9.999999747378752e-05
17,4.412944793701172,5.192281246185303,0.46938246488571167,5.232145309448242,0.4727920591831207,4.254383087158203,4.822549343109131,0.41151344776153564,4.865180492401123,0.3904409110546112,9.999999747378752e-05
18,4.373734951019287,5.202426433563232,0.4625878930091858,5.212912082672119,0.4682713747024536,4.211345672607422,4.822549343109131,0.4064478576183319,4.797125339508057,0.3847607672214508,9.999999747378752e-05
19,4.310214519500732,5.17831563949585,0.45599743723869324,5.182082653045654,0.46064549684524536,4.1583027839660645,4.822549343109131,0.40121468901634216,4.721367359161377,0.37825360894203186,9.999999747378752e-05
20,4.2456135749816895,5.172407150268555,0.4495476484298706,5.195584297180176,0.4527558982372284,4.109049320220947,4.822549343109131,0.39635658264160156,4.630458831787109,0.37221941351890564,9.999999747378752e-05
21,4.167430400848389,5.1553874015808105,0.4433134198188782,5.154265880584717,0.44240039587020874,4.053398609161377,4.762500286102295,0.39145907759666443,4.630458831787109,0.36558178067207336,9.999999747378752e-05
22,4.117718696594238,5.1694416999816895,0.4372425377368927,5.200005054473877,0.4364639222621918,4.007379055023193,4.762500286102295,0.3872948884963989,4.630458831787109,0.3600034713745117,9.999999747378752e-05
23,4.070745468139648,5.183650016784668,0.43132835626602173,5.1947479248046875,0.4311879277229309,3.9616997241973877,4.762500286102295,0.3831154406070709,4.630458831787109,0.35454580187797546,9.999999747378752e-05
24,4.001231670379639,5.1607255935668945,0.42559731006622314,5.186707019805908,0.42243096232414246,3.9152514934539795,4.762500286102295,0.37910082936286926,4.630458831787109,0.34899428486824036,9.999999747378752e-05
25,3.941221237182617,5.200610160827637,0.42002299427986145,5.1122331619262695,0.4146082401275635,3.8761870861053467,4.762500286102295,0.37551093101501465,4.630458831787109,0.34427085518836975,9.999999747378752e-05
26,3.8919007778167725,5.210056304931641,0.41461342573165894,5.184143543243408,0.4085859954357147,3.826721668243408,4.838257789611816,0.37176334857940674,4.630458831787109,0.33846983313560486,9.999999747378752e-05
27,3.869460105895996,5.2147746086120605,0.40932485461235046,5.194456100463867,0.40643879771232605,3.8082387447357178,4.838257789611816,0.3692869246006012,4.630458831787109,0.3359760046005249,9.999999747378752e-05
28,3.790081262588501,5.221940994262695,0.40422365069389343,5.206295013427734,0.3958820402622223,3.756930112838745,4.838257789611816,0.3654494285583496,4.630458831787109,0.3300330340862274,9.999999747378752e-05
29,3.7612059116363525,5.201358318328857,0.3991737365722656,5.187139987945557,0.3924795985221863,3.7246062755584717,4.838257789611816,0.36272743344306946,4.630458831787109,0.3260732591152191,9.999999747378752e-05
30,3.693406343460083,5.17803955078125,0.39430275559425354,5.196715831756592,0.3835427761077881,3.680842161178589,4.788258075714111,0.3596334457397461,4.630458831787109,0.32091623544692993,9.999999747378752e-05
31,3.6440858840942383,5.186114311218262,0.38954323530197144,5.184179782867432,0.3777732849121094,3.6518099308013916,4.788258075714111,0.3573811948299408,4.630458831787109,0.3172586262226105,9.999999747378752e-05
32,3.5963919162750244,5.196434497833252,0.38489362597465515,5.117126941680908,0.3715313673019409,3.609650135040283,4.788258075714111,0.35442599654197693,4.630458831787109,0.3122798204421997,9.999999747378752e-05
33,3.5791501998901367,5.201378345489502,0.3803439736366272,5.2439866065979,0.3697502017021179,3.57422137260437,4.788258075714111,0.3520221412181854,4.69639253616333,0.307995468378067,9.999999747378752e-05
34,3.5586793422698975,5.211259365081787,0.3759377896785736,5.168046474456787,0.36752352118492126,3.5419459342956543,4.788258075714111,0.34985700249671936,4.69639253616333,0.3040366470813751,9.999999747378752e-05
35,3.4710681438446045,5.227267265319824,0.37161770462989807,5.170628547668457,0.3557593822479248,3.5208921432495117,4.788258075714111,0.3479035794734955,4.69639253616333,0.3013499677181244,9.999999747378752e-05
36,3.482304096221924,5.2576494216918945,0.3674068748950958,5.167725086212158,0.3576633334159851,3.50815486907959,4.788258075714111,0.3463575541973114,4.69639253616333,0.29958853125572205,9.999999747378752e-05
37,3.4164867401123047,5.277060031890869,0.36330029368400574,5.234676361083984,0.34938207268714905,3.47528338432312,4.788258075714111,0.3438683748245239,4.69639253616333,0.29570528864860535,9.999999747378752e-05
38,3.3849849700927734,5.2887654304504395,0.35927334427833557,5.222952365875244,0.34552523493766785,3.4437360763549805,4.788258075714111,0.34179019927978516,4.69639253616333,0.2919154167175293,9.999999747378752e-05
39,3.3270351886749268,5.2887654304504395,0.3553130626678467,5.1515913009643555,0.3376631736755371,3.4210872650146484,4.788258075714111,0.3402579724788666,4.69639253616333,0.2889755666255951,9.999999747378752e-05
40,3.268284320831299,5.278883457183838,0.35146811604499817,5.192712306976318,0.3295601010322571,3.390408754348755,4.788258075714111,0.33842745423316956,4.69639253616333,0.28520703315734863,9.999999747378752e-05
41,3.2299089431762695,5.27255916595459,0.3476889133453369,5.161395072937012,0.32468923926353455,3.3665759563446045,4.65353536605835,0.33698952198028564,4.629725933074951,0.28214702010154724,9.999999747378752e-05
42,3.2208199501037598,5.27255916595459,0.3439761698246002,5.198368072509766,0.3240499794483185,3.3648078441619873,4.65353536605835,0.3361407220363617,4.629725933074951,0.281552791595459,9.999999747378752e-05
43,3.145209312438965,5.285809516906738,0.34040698409080505,5.227517604827881,0.3138622045516968,3.337700843811035,4.65353536605835,0.3340400755405426,4.629725933074951,0.2782866060733795,9.999999747378752e-05
44,3.166034698486328,5.294394493103027,0.33686384558677673,5.1549391746521,0.31725722551345825,3.3189260959625244,4.65353536605835,0.3326861560344696,4.629725933074951,0.2758440375328064,9.999999747378752e-05
45,3.099802017211914,5.277744293212891,0.3334256410598755,5.207043647766113,0.30801621079444885,3.3059282302856445,4.65353536605835,0.33144107460975647,4.629725933074951,0.2740684449672699,9.999999747378752e-05
46,3.0836524963378906,5.273396968841553,0.3300791084766388,5.162875175476074,0.30723077058792114,3.2728452682495117,4.65353536605835,0.32973697781562805,4.720634937286377,0.27004867792129517,9.999999747378752e-05
47,3.010723114013672,5.3000569343566895,0.32675835490226746,5.251220703125,0.29619675874710083,3.262700319290161,4.65353536605835,0.32888326048851013,4.720634937286377,0.26852288842201233,9.999999747378752e-05
48,3.029664993286133,5.300422191619873,0.3235504925251007,5.2230024337768555,0.2993907034397125,3.2490220069885254,4.65353536605835,0.32773905992507935,4.720634937286377,0.2666924297809601,9.999999747378752e-05
49,2.9411873817443848,5.31179666519165,0.3205665647983551,5.230582237243652,0.28728413581848145,3.2397196292877197,4.57575798034668,0.3272774815559387,4.720634937286377,0.26557657122612,2.499999936844688e-05
50,2.954481363296509,5.31179666519165,0.31978487968444824,5.176954746246338,0.2892672121524811,3.234454393386841,4.57575798034668,0.3270004987716675,4.720634937286377,0.26488980650901794,2.499999936844688e-05
51,2.9997072219848633,5.325326442718506,0.31900733709335327,5.14394474029541,0.2959720194339752,3.237051486968994,4.57575798034668,0.32702234387397766,4.796392917633057,0.2650684714317322,2.499999936844688e-05
52,2.991154432296753,5.325326442718506,0.3182521164417267,5.226212024688721,0.29476645588874817,3.2357373237609863,4.57575798034668,0.3268386423587799,4.796392917633057,0.2648422420024872,2.499999936844688e-05
53,2.9883551597595215,5.315664768218994,0.3175055682659149,5.2553911209106445,0.2941467761993408,3.2324233055114746,4.57575798034668,0.32654839754104614,4.796392917633057,0.2644140422344208,2.499999936844688e-05
54,2.9718081951141357,5.315664768218994,0.31676217913627625,5.223039150238037,0.29201844334602356,3.2280077934265137,4.57575798034668,0.32620176672935486,4.796392917633057,0.26386573910713196,2.499999936844688e-05
55,2.918217658996582,5.325894355773926,0.31602558493614197,5.210371017456055,0.2845029830932617,3.229349374771118,4.57575798034668,0.32611170411109924,4.796392917633057,0.2639279067516327,2.499999936844688e-05
56,2.9112093448638916,5.325894355773926,0.31529608368873596,5.1967267990112305,0.2836686670780182,3.225572347640991,4.57575798034668,0.3258218765258789,4.796392917633057,0.26342689990997314,2.499999936844688e-05
57,2.917560338973999,5.325894355773926,0.3145696222782135,5.13350248336792,0.28481367230415344,3.224100112915039,4.57575798034668,0.3256079852581024,4.7186150550842285,0.2631867229938507,2.499999936844688e-05
58,2.9254186153411865,5.325894355773926,0.3138575851917267,5.201572418212891,0.2855895459651947,3.2234230041503906,4.57575798034668,0.3254118263721466,4.7186150550842285,0.2630457282066345,2.499999936844688e-05
59,2.871828556060791,5.320459842681885,0.31314316391944885,5.251830577850342,0.2782657742500305,3.2159695625305176,4.57575798034668,0.3249896764755249,4.7186150550842285,0.2621450126171112,2.499999936844688e-05
60,2.9025795459747314,5.320459842681885,0.3124294579029083,5.200075149536133,0.2827994227409363,3.212261438369751,4.57575798034668,0.32472559809684753,4.7186150550842285,0.2616567313671112,2.499999936844688e-05
61,2.867964506149292,5.3306050300598145,0.3117322027683258,5.241564750671387,0.27773940563201904,3.2084414958953857,4.57575798034668,0.32445207238197327,4.7186150550842285,0.26115521788597107,2.499999936844688e-05
62,2.8979129791259766,5.34426212310791,0.31103330850601196,5.192930221557617,0.28218701481819153,3.204420328140259,4.57575798034668,0.3241797387599945,4.7186150550842285,0.26063844561576843,2.499999936844688e-05
63,2.9368972778320312,5.34426212310791,0.3103390634059906,5.250649929046631,0.28775596618652344,3.2049684524536133,4.57575798034668,0.32408949732780457,4.7186150550842285,0.2606208324432373,2.499999936844688e-05
64,2.8854432106018066,5.34426212310791,0.3096606731414795,5.229229927062988,0.28089356422424316,3.201345205307007,4.57575798034668,0.3238411247730255,4.7186150550842285,0.26015111804008484,2.499999936844688e-05
65,2.882612705230713,5.332184314727783,0.3089717626571655,5.172179698944092,0.2804153561592102,3.2028276920318604,4.57575798034668,0.3237738311290741,4.7186150550842285,0.26023104786872864,2.499999936844688e-05
66,2.9410574436187744,5.332184314727783,0.3083048462867737,5.231504917144775,0.28977450728416443,3.2027573585510254,4.57575798034668,0.3236371576786041,4.7186150550842285,0.26015207171440125,2.499999936844688e-05
67,2.8802719116210938,5.332184314727783,0.30763939023017883,5.213518142700195,0.280571848154068,3.2011032104492188,4.518615245819092,0.32341286540031433,4.7186150550842285,0.25990891456604004,2.499999936844688e-05
68,2.878551959991455,5.332184314727783,0.30697891116142273,5.258057117462158,0.2797561585903168,3.1969618797302246,4.442857265472412,0.3230796754360199,4.7186150550842285,0.25939661264419556,2.499999936844688e-05
69,2.840153694152832,5.319761753082275,0.3063034415245056,5.216983318328857,0.27457141876220703,3.196627378463745,4.442857265472412,0.32292434573173523,4.7186150550842285,0.259290874004364,2.499999936844688e-05
70,2.8675336837768555,5.319761753082275,0.30564919114112854,5.251331329345703,0.2782557010650635,3.192911386489868,4.442857265472412,0.3226395547389984,4.7186150550842285,0.2588152289390564,2.499999936844688e-05
71,2.8341479301452637,5.319761753082275,0.3049895167350769,5.253203868865967,0.2740219533443451,3.1895718574523926,4.442857265472412,0.32239410281181335,4.7186150550842285,0.2583717405796051,2.499999936844688e-05
72,2.8235461711883545,5.319761753082275,0.3043413460254669,5.220309257507324,0.27245816588401794,3.1893792152404785,4.442857265472412,0.32224538922309875,4.7186150550842285,0.25828173756599426,2.499999936844688e-05
73,2.832747220993042,5.319761753082275,0.30368945002555847,5.109299659729004,0.2737255096435547,3.190706968307495,4.442857265472412,0.3221508860588074,4.7186150550842285,0.258356511592865,2.499999936844688e-05
74,2.809138298034668,5.319761753082275,0.3030543029308319,5.15718412399292,0.27064749598503113,3.1850006580352783,4.442857265472412,0.32178637385368347,4.7186150550842285,0.25766807794570923,2.499999936844688e-05
75,2.8440606594085693,5.319761753082275,0.30240797996520996,5.1953444480896,0.2753051519393921,3.1822783946990967,4.442857265472412,0.3215734660625458,4.7186150550842285,0.2572997510433197,2.499999936844688e-05
76,2.7899389266967773,5.319761753082275,0.3017710745334625,5.224971771240234,0.268321692943573,3.179830312728882,4.442857265472412,0.3213503956794739,4.7186150550842285,0.2569630444049835,2.499999936844688e-05
77,2.8222904205322266,5.326086521148682,0.3011331856250763,5.194470405578613,0.2726037800312042,3.177285671234131,4.442857265472412,0.3211662769317627,4.7186150550842285,0.2566065490245819,2.499999936844688e-05
78,2.801213026046753,5.326086521148682,0.3005099892616272,5.170773029327393,0.270134836435318,3.1744019985198975,4.442857265472412,0.32095110416412354,4.7817463874816895,0.2562195062637329,2.499999936844688e-05
79,2.7752621173858643,5.339743137359619,0.2998778820037842,5.197818756103516,0.26603788137435913,3.173086166381836,4.442857265472412,0.3207957148551941,4.7817463874816895,0.25599050521850586,2.499999936844688e-05
80,2.800812244415283,5.339743137359619,0.29925158619880676,5.253339767456055,0.2697502672672272,3.175889730453491,4.442857265472412,0.32076552510261536,4.7817463874816895,0.25623729825019836,2.499999936844688e-05
81,2.832009792327881,5.339743137359619,0.29864034056663513,5.180540561676025,0.2744767367839813,3.1699068546295166,4.442857265472412,0.32039669156074524,4.7817463874816895,0.25552624464035034,2.499999936844688e-05
82,2.8117141723632812,5.339743137359619,0.298022598028183,5.217617034912109,0.27142977714538574,3.166569948196411,4.442857265472412,0.3201603591442108,4.690837383270264,0.2550945580005646,2.499999936844688e-05
83,2.7734413146972656,5.339743137359619,0.29739901423454285,5.227951526641846,0.2657422125339508,3.167949914932251,4.442857265472412,0.32010480761528015,4.690837383270264,0.2551744878292084,2.499999936844688e-05
84,2.7600104808807373,5.339743137359619,0.29678812623023987,5.179378509521484,0.26427963376045227,3.165177822113037,4.442857265472412,0.3198939263820648,4.690837383270264,0.25479039549827576,2.499999936844688e-05
85,2.749138355255127,5.326699256896973,0.29618051648139954,5.282079696655273,0.2626042664051056,3.1597533226013184,4.442857265472412,0.31958645582199097,4.690837383270264,0.2541194260120392,2.499999936844688e-05
86,2.7212374210357666,5.318099498748779,0.2955720126628876,5.265882968902588,0.2596104145050049,3.1535120010375977,4.442857265472412,0.3192829191684723,4.690837383270264,0.2533591091632843,2.499999936844688e-05
87,2.7474141120910645,5.318099498748779,0.29496169090270996,5.295503616333008,0.26247766613960266,3.151318311691284,4.442857265472412,0.31912466883659363,4.690837383270264,0.2530324459075928,2.499999936844688e-05
88,2.7178337574005127,5.318099498748779,0.2943571209907532,5.268019199371338,0.25823140144348145,3.152865409851074,4.442857265472412,0.3191070854663849,4.690837383270264,0.2531178891658783,2.499999936844688e-05
89,2.769751787185669,5.329693794250488,0.29375752806663513,5.214230060577393,0.2662205398082733,3.156437397003174,4.442857265472412,0.31911906599998474,4.690837383270264,0.2534492015838623,2.499999936844688e-05
90,2.7488574981689453,5.329693794250488,0.2931697368621826,5.206475734710693,0.26308372616767883,3.1593809127807617,4.442857265472412,0.31907400488853455,4.690837383270264,0.2537182867527008,2.499999936844688e-05
91,2.733992099761963,5.329693794250488,0.2925817668437958,5.219997406005859,0.26089444756507874,3.1546692848205566,4.442857265472412,0.3187747597694397,4.690837383270264,0.25313451886177063,2.499999936844688e-05
92,2.718261957168579,5.329693794250488,0.2919894754886627,5.244317531585693,0.25902804732322693,3.1513049602508545,4.442857265472412,0.3185305893421173,4.690837383270264,0.2526952624320984,2.499999936844688e-05
93,2.709791421890259,5.329693794250488,0.29139718413352966,5.231489181518555,0.25769445300102234,3.150481939315796,4.442857265472412,0.3183765411376953,4.690837383270264,0.2525360882282257,2.499999936844688e-05
94,2.747087001800537,5.3172712326049805,0.29081016778945923,5.195990562438965,0.2631400227546692,3.148423194885254,4.442857265472412,0.31818249821662903,4.690837383270264,0.2522476017475128,2.499999936844688e-05
95,2.7231192588806152,5.3172712326049805,0.2902310788631439,5.2566447257995605,0.259841650724411,3.142995834350586,4.442857265472412,0.31788623332977295,4.690837383270264,0.2515847682952881,2.499999936844688e-05
96,2.718411445617676,5.3172712326049805,0.2896440625190735,5.171438694000244,0.25905871391296387,3.1439881324768066,4.442857265472412,0.3178432881832123,4.690837383270264,0.25161948800086975,2.499999936844688e-05
97,2.726454496383667,5.3172712326049805,0.2890804409980774,5.217221260070801,0.26097115874290466,3.1405789852142334,4.442857265472412,0.3175990581512451,4.690837383270264,0.2511884272098541,2.499999936844688e-05
98,2.737779140472412,5.3172712326049805,0.28850534558296204,5.204364776611328,0.2615584135055542,3.1395516395568848,4.442857265472412,0.31743839383125305,4.690837383270264,0.2510213553905487,2.499999936844688e-05
99,2.698211193084717,5.3172712326049805,0.28792351484298706,5.243452548980713,0.2561546564102173,3.137810707092285,4.442857265472412,0.31735771894454956,4.690837383270264,0.2508130371570587,6.24999984211172e-06
100,2.7032370567321777,5.3172712326049805,0.28777962923049927,5.200839519500732,0.2567712068557739,3.1383135318756104,4.442857265472412,0.3173576891422272,4.690837383270264,0.2508513033390045,6.24999984211172e-06
101,2.7127327919006348,5.3172712326049805,0.2876400947570801,5.230640411376953,0.2583247125148773,3.137791633605957,4.442857265472412,0.31732091307640076,4.690837383270264,0.25077927112579346,6.24999984211172e-06
102,2.686918258666992,5.3172712326049805,0.28749606013298035,5.20090389251709,0.25454503297805786,3.138658046722412,4.442857265472412,0.3173363506793976,4.690837383270264,0.25085505843162537,6.24999984211172e-06
103,2.7321393489837646,5.3172712326049805,0.28735679388046265,5.249495029449463,0.2614874541759491,3.137493848800659,4.442857265472412,0.31727704405784607,4.690837383270264,0.25070956349372864,6.24999984211172e-06
104,2.6646223068237305,5.3172712326049805,0.2872132658958435,5.220696926116943,0.2518385052680969,3.1363561153411865,4.442857265472412,0.3172147870063782,4.690837383270264,0.2505665123462677,6.24999984211172e-06
105,2.7257978916168213,5.3172712326049805,0.28707197308540344,5.208165168762207,0.26079776883125305,3.136594772338867,4.442857265472412,0.31720995903015137,4.690837383270264,0.2505738437175751,6.24999984211172e-06
106,2.690877914428711,5.3172712326049805,0.2869296967983246,5.237607002258301,0.2553735375404358,3.1359827518463135,4.442857265472412,0.31717076897621155,4.690837383270264,0.25048714876174927,6.24999984211172e-06
107,2.666811943054199,5.3172712326049805,0.2867875397205353,5.211188793182373,0.2523403763771057,3.1366472244262695,4.442857265472412,0.31717678904533386,4.690837383270264,0.25053974986076355,6.24999984211172e-06
108,2.660233974456787,5.3172712326049805,0.28665032982826233,5.216346263885498,0.25139209628105164,3.1356449127197266,4.442857265472412,0.31711459159851074,4.690837383270264,0.2504129111766815,6.24999984211172e-06
109,2.679521322250366,5.3172712326049805,0.28651154041290283,5.305412769317627,0.2538040280342102,3.132986307144165,4.309524059295654,0.3169938027858734,4.690837383270264,0.2501046657562256,6.24999984211172e-06
110,2.7377145290374756,5.3172712326049805,0.286365270614624,5.250561714172363,0.26225537061691284,3.1341910362243652,4.442857265472412,0.31702563166618347,4.690837383270264,0.250218003988266,6.24999984211172e-06
111,2.710994243621826,5.3172712326049805,0.2862275242805481,5.224628448486328,0.2584311366081238,3.1351394653320312,4.309524059295654,0.31703680753707886,4.690837383270264,0.2503059506416321,6.24999984211172e-06
112,2.666729688644409,5.308670520782471,0.2860925793647766,5.238938808441162,0.25187796354293823,3.1323251724243164,4.309524059295654,0.31691232323646545,4.690837383270264,0.2499806135892868,6.24999984211172e-06
113,2.6867334842681885,5.308670520782471,0.2859501540660858,5.214876174926758,0.2549879252910614,3.131593704223633,4.309524059295654,0.31687024235725403,4.690837383270264,0.24988068640232086,6.24999984211172e-06
114,2.63390851020813,5.308670520782471,0.2858092784881592,5.212909698486328,0.24736736714839935,3.1310033798217773,4.309524059295654,0.3168415427207947,4.690837383270264,0.24979138374328613,6.24999984211172e-06
115,2.667212724685669,5.308670520782471,0.28567028045654297,5.231521129608154,0.25286808609962463,3.130199909210205,4.309524059295654,0.3167961537837982,4.690837383270264,0.24968473613262177,6.24999984211172e-06
116,2.6755919456481934,5.308670520782471,0.28552764654159546,5.161019325256348,0.2536037564277649,3.131635904312134,4.309524059295654,0.31683531403541565,4.690837383270264,0.24982286989688873,6.24999984211172e-06
117,2.656860828399658,5.308670520782471,0.28539180755615234,5.253073215484619,0.25117427110671997,3.1320207118988037,4.309524059295654,0.31682974100112915,4.690837383270264,0.24984703958034515,6.24999984211172e-06
118,2.699651002883911,5.3172712326049805,0.2852509021759033,5.1888837814331055,0.25675898790359497,3.1336536407470703,4.309524059295654,0.31687793135643005,4.690837383270264,0.2500062882900238,6.24999984211172e-06
119,2.672553062438965,5.321093559265137,0.28511613607406616,5.2294087409973145,0.25298669934272766,3.132291555404663,4.309524059295654,0.31679567694664,4.690837383270264,0.2498435378074646,6.24999984211172e-06
120,2.717808246612549,5.321093559265137,0.28497549891471863,5.19802188873291,0.25916752219200134,3.1331284046173096,4.309524059295654,0.3168065547943115,4.690837383270264,0.24991893768310547,6.24999984211172e-06
121,2.666259527206421,5.321093559265137,0.284837931394577,5.2333574295043945,0.25265753269195557,3.133112668991089,4.309524059295654,0.3167785108089447,4.690837383270264,0.24990077316761017,6.24999984211172e-06
122,2.70927357673645,5.321093559265137,0.28470125794410706,5.281818389892578,0.25842806696891785,3.132641077041626,4.309524059295654,0.31674322485923767,4.690837383270264,0.249830961227417,6.24999984211172e-06
123,2.6370668411254883,5.321093559265137,0.28456369042396545,5.239328861236572,0.24820850789546967,3.1314663887023926,4.309524059295654,0.31667304039001465,4.690837383270264,0.24968744814395905,6.24999984211172e-06
124,2.6700055599212646,5.321093559265137,0.28442707657814026,5.234412670135498,0.25276610255241394,3.129133701324463,4.309524059295654,0.31655609607696533,4.690837383270264,0.24941910803318024,6.24999984211172e-06
125,2.65993595123291,5.321093559265137,0.2842870056629181,5.2282938957214355,0.25090673565864563,3.1287145614624023,4.309524059295654,0.31652581691741943,4.690837383270264,0.24935553967952728,6.24999984211172e-06
126,2.6427669525146484,5.321093559265137,0.28414908051490784,5.148315906524658,0.2488693743944168,3.1293985843658447,4.309524059295654,0.3165253698825836,4.690837383270264,0.2494153529405594,6.24999984211172e-06
127,2.687918186187744,5.321093559265137,0.28401073813438416,5.262432098388672,0.25527313351631165,3.1299121379852295,4.309524059295654,0.3165218234062195,4.690837383270264,0.24945521354675293,6.24999984211172e-06
128,2.6900081634521484,5.321093559265137,0.2838761508464813,5.188762187957764,0.255575567483902,3.129314661026001,4.309524059295654,0.31647494435310364,4.690837383270264,0.24937522411346436,6.24999984211172e-06
129,2.6418280601501465,5.321093559265137,0.28373920917510986,5.234002113342285,0.24874888360500336,3.1283793449401855,4.309524059295654,0.31641942262649536,4.690837383270264,0.24925635755062103,6.24999984211172e-06
130,2.6714534759521484,5.321093559265137,0.28360384702682495,5.294762134552002,0.2536394000053406,3.127732038497925,4.309524059295654,0.31637057662010193,4.690837383270264,0.24917109310626984,6.24999984211172e-06
131,2.661036968231201,5.321093559265137,0.28346747159957886,5.226057529449463,0.25163960456848145,3.1265838146209717,4.309524059295654,0.31630873680114746,4.690837383270264,0.24902819097042084,6.24999984211172e-06
132,2.656066417694092,5.321093559265137,0.2833317816257477,5.2783122062683105,0.25041863322257996,3.125303268432617,4.309524059295654,0.3162369132041931,4.690837383270264,0.24887315928936005,6.24999984211172e-06
133,2.604682207107544,5.321093559265137,0.283193975687027,5.163745880126953,0.24393737316131592,3.1239802837371826,4.309524059295654,0.3161710798740387,4.690837383270264,0.248710498213768,6.24999984211172e-06
134,2.694397211074829,5.321093559265137,0.2830530107021332,5.2246928215026855,0.2563675045967102,3.1257739067077637,4.309524059295654,0.31621959805488586,4.690837383270264,0.24889017641544342,6.24999984211172e-06
135,2.670400619506836,5.321093559265137,0.2829197645187378,5.18150520324707,0.2532029449939728,3.125720262527466,4.309524059295654,0.3161976933479309,4.690837383270264,0.24886853992938995,6.24999984211172e-06
136,2.6808412075042725,5.321093559265137,0.2827850580215454,5.200677871704102,0.25479888916015625,3.124889850616455,4.309524059295654,0.31613945960998535,4.690837383270264,0.24876488745212555,6.24999984211172e-06
137,2.631878137588501,5.321093559265137,0.282649427652359,5.236947059631348,0.24814753234386444,3.1239640712738037,4.309524059295654,0.31608861684799194,4.690837383270264,0.24864500761032104,6.24999984211172e-06
138,2.6686811447143555,5.321093559265137,0.28251567482948303,5.219377517700195,0.2535207271575928,3.12367582321167,4.309524059295654,0.3160584270954132,4.690837383270264,0.2485971450805664,6.24999984211172e-06
139,2.664710521697998,5.321093559265137,0.2823793292045593,5.228240966796875,0.25301387906074524,3.1237194538116455,4.309524059295654,0.31604233384132385,4.690837383270264,0.24858422577381134,6.24999984211172e-06
140,2.705702304840088,5.3335161209106445,0.28224459290504456,5.2089457511901855,0.2578809857368469,3.1249845027923584,4.309524059295654,0.3160722851753235,4.690837383270264,0.24870610237121582,6.24999984211172e-06
141,2.6192686557769775,5.3335161209106445,0.28211042284965515,5.258289337158203,0.2457299381494522,3.1260533332824707,4.309524059295654,0.31608009338378906,4.690837383270264,0.2488080859184265,6.24999984211172e-06
142,2.6825172901153564,5.3335161209106445,0.2819741368293762,5.206239700317383,0.25459128618240356,3.1278982162475586,4.309524059295654,0.31612303853034973,4.690837383270264,0.24899353086948395,6.24999984211172e-06
143,2.6093485355377197,5.3335161209106445,0.2818397581577301,5.207127094268799,0.24410612881183624,3.1284749507904053,4.309524059295654,0.3161117732524872,4.690837383270264,0.24904070794582367,6.24999984211172e-06
144,2.6440393924713135,5.3335161209106445,0.2817061245441437,5.2462873458862305,0.2492310106754303,3.1273088455200195,4.309524059295654,0.3160445988178253,4.690837383270264,0.24889756739139557,6.24999984211172e-06
145,2.6514928340911865,5.3335161209106445,0.2815704941749573,5.258819103240967,0.2502169907093048,3.1268107891082764,4.309524059295654,0.31599172949790955,4.690837383270264,0.2488304227590561,6.24999984211172e-06
146,2.6434056758880615,5.3335161209106445,0.2814343571662903,5.146603584289551,0.2490408718585968,3.127323627471924,4.309524059295654,0.31597867608070374,4.690837383270264,0.24887223541736603,6.24999984211172e-06
147,2.5509870052337646,5.3335161209106445,0.2813031077384949,5.3051862716674805,0.23614545166492462,3.1243104934692383,4.309524059295654,0.3158377707004547,4.690837383270264,0.2485254406929016,6.24999984211172e-06
148,2.645595073699951,5.3335161209106445,0.2811656594276428,5.211972236633301,0.2495138943195343,3.1229865550994873,4.309524059295654,0.3157593905925751,4.690837383270264,0.2483656406402588,6.24999984211172e-06
149,2.6255476474761963,5.3335161209106445,0.28102460503578186,5.218956470489502,0.24716578423976898,3.1235055923461914,4.309524059295654,0.3157691955566406,4.690837383270264,0.24841924011707306,1.56249996052793e-06
150,2.680203437805176,5.3335161209106445,0.2809922695159912,5.205025672912598,0.25467023253440857,3.1235363483428955,4.309524059295654,0.31576403975486755,4.690837383270264,0.24841929972171783,1.56249996052793e-06
151,2.666466236114502,5.3335161209106445,0.28095921874046326,5.260684967041016,0.25270336866378784,3.1230461597442627,4.309524059295654,0.31574273109436035,4.690837383270264,0.24836105108261108,1.56249996052793e-06
152,2.685299873352051,5.3335161209106445,0.2809247076511383,5.220621585845947,0.2552984356880188,3.1231672763824463,4.309524059295654,0.31574058532714844,4.690837383270264,0.24837088584899902,1.56249996052793e-06
153,2.6362128257751465,5.3335161209106445,0.28089240193367004,5.238629341125488,0.2481701672077179,3.1226930618286133,4.309524059295654,0.31571725010871887,4.690837383270264,0.24831543862819672,1.56249996052793e-06
154,2.617924690246582,5.3335161209106445,0.28085842728614807,5.283682346343994,0.24550549685955048,3.1223905086517334,4.309524059295654,0.3157021105289459,4.690837383270264,0.2482776641845703,1.56249996052793e-06
155,2.6194212436676025,5.3335161209106445,0.2808251678943634,5.315346717834473,0.2457866668701172,3.121979236602783,4.309524059295654,0.31567826867103577,4.690837383270264,0.2482292652130127,1.56249996052793e-06
156,2.62324595451355,5.3335161209106445,0.2807910144329071,5.268310070037842,0.24639002978801727,3.1214702129364014,4.309524059295654,0.31565240025520325,4.690837383270264,0.24816955626010895,1.56249996052793e-06
157,2.6568639278411865,5.3335161209106445,0.2807566523551941,5.188259601593018,0.2509302794933319,3.1216533184051514,4.309524059295654,0.3156532347202301,4.690837383270264,0.2481856495141983,1.56249996052793e-06
158,2.6510753631591797,5.3335161209106445,0.28072354197502136,5.22861909866333,0.25030943751335144,3.12155818939209,4.309524059295654,0.31564414501190186,4.690837383270264,0.24817104637622833,1.56249996052793e-06
159,2.6284618377685547,5.3335161209106445,0.28069087862968445,5.2623066902160645,0.24736498296260834,3.1211726665496826,4.309524059295654,0.3156251013278961,4.690837383270264,0.24812479317188263,1.56249996052793e-06
160,2.621314525604248,5.3335161209106445,0.28065717220306396,5.2062883377075195,0.2471952885389328,3.120901584625244,4.309524059295654,0.3156115710735321,4.690837383270264,0.24809062480926514,1.56249996052793e-06
161,2.671383857727051,5.3335161209106445,0.2806234061717987,5.2636003494262695,0.25344395637512207,3.121027708053589,4.309524059295654,0.31561076641082764,4.690837383270264,0.24810044467449188,1.56249996052793e-06
162,2.6747255325317383,5.3335161209106445,0.28058940172195435,5.1738200187683105,0.25355109572410583,3.121197462081909,4.309524059295654,0.315615713596344,4.690837383270264,0.2481136918067932,1.56249996052793e-06
163,2.613316774368286,5.3335161209106445,0.28055664896965027,5.2899088859558105,0.2456173300743103,3.121049404144287,4.309524059295654,0.3156028687953949,4.690837383270264,0.24809424579143524,1.56249996052793e-06
164,2.678215503692627,5.3335161209106445,0.2805226743221283,5.265875816345215,0.2542511820793152,3.121279001235962,4.309524059295654,0.31560757756233215,4.690837383270264,0.24811477959156036,1.56249996052793e-06
165,2.5771524906158447,5.3335161209106445,0.2804904878139496,5.23878812789917,0.24061526358127594,3.1208627223968506,4.309524059295654,0.31558719277381897,4.690837383270264,0.2480650693178177,1.56249996052793e-06
166,2.6154356002807617,5.3335161209106445,0.2804574966430664,5.231823444366455,0.24552583694458008,3.1201398372650146,4.309524059295654,0.3155566155910492,4.690837383270264,0.24798189103603363,1.56249996052793e-06
167,2.6510403156280518,5.3335161209106445,0.2804237902164459,5.25577974319458,0.2508178651332855,3.1200368404388428,4.309524059295654,0.31554487347602844,4.690837383270264,0.2479679435491562,1.56249996052793e-06
168,2.608994960784912,5.3335161209106445,0.2803901135921478,5.184063911437988,0.2448609173297882,3.1198410987854004,4.309524059295654,0.31553754210472107,4.690837383270264,0.24794048070907593,1.56249996052793e-06
169,2.637239694595337,5.3335161209106445,0.280356764793396,5.207266330718994,0.24821731448173523,3.119791269302368,4.309524059295654,0.3155316412448883,4.690837383270264,0.24793042242527008,1.56249996052793e-06
170,2.6552348136901855,5.3335161209106445,0.28032347559928894,5.232118129730225,0.2516006529331207,3.1198930740356445,4.309524059295654,0.31553158164024353,4.690837383270264,0.24793721735477448,1.56249996052793e-06
171,2.6070644855499268,5.3335161209106445,0.28029072284698486,5.187453746795654,0.2443767786026001,3.119772434234619,4.309524059295654,0.3155228793621063,4.690837383270264,0.2479196935892105,1.56249996052793e-06
172,2.590409517288208,5.3335161209106445,0.2802572548389435,5.241631984710693,0.2419327199459076,3.1197125911712646,4.309524059295654,0.3155137002468109,4.690837383270264,0.2479092925786972,1.56249996052793e-06
173,2.681006908416748,5.3335161209106445,0.2802236080169678,5.226718425750732,0.2550354301929474,3.1198458671569824,4.309524059295654,0.31551235914230347,4.690837383270264,0.24792037904262543,1.56249996052793e-06
174,2.6289947032928467,5.3335161209106445,0.2801903784275055,5.237363815307617,0.24727120995521545,3.1197845935821533,4.309524059295654,0.31550535559654236,4.690837383270264,0.24790959060192108,1.56249996052793e-06
175,2.6247317790985107,5.3335161209106445,0.2801568806171417,5.167340278625488,0.24667301774024963,3.119769334793091,4.309524059295654,0.3155023157596588,4.690837383270264,0.24790304899215698,1.56249996052793e-06
176,2.6043572425842285,5.3335161209106445,0.28012359142303467,5.227146148681641,0.24381183087825775,3.1196999549865723,4.309524059295654,0.31549328565597534,4.690837383270264,0.247891366481781,1.56249996052793e-06
177,2.6008570194244385,5.3335161209106445,0.28009071946144104,5.3535871505737305,0.24332855641841888,3.1192264556884766,4.309524059295654,0.3154700696468353,4.690837383270264,0.24783582985401154,1.56249996052793e-06
178,2.638124465942383,5.3335161209106445,0.2800581455230713,5.281095504760742,0.24912409484386444,3.118497371673584,4.309524059295654,0.3154385983943939,4.690837383270264,0.2477521449327469,1.56249996052793e-06
179,2.6214683055877686,5.3335161209106445,0.2800237238407135,5.119913101196289,0.24693356454372406,3.1184940338134766,4.309524059295654,0.3154336214065552,4.690837383270264,0.24774737656116486,1.56249996052793e-06
180,2.644618034362793,5.3335161209106445,0.2799907326698303,5.231240749359131,0.24957576394081116,3.118765115737915,4.442857265472412,0.3154377043247223,4.690837383270264,0.24777312576770782,1.56249996052793e-06
181,2.6213977336883545,5.3335161209106445,0.27995815873146057,5.265997409820557,0.24603387713432312,3.1181304454803467,4.442857265472412,0.3154105842113495,4.690837383270264,0.2476993054151535,1.56249996052793e-06
182,2.6262238025665283,5.3335161209106445,0.27992457151412964,5.2835164070129395,0.2470124214887619,3.117739200592041,4.442857265472412,0.3153928816318512,4.690837383270264,0.2476518154144287,1.56249996052793e-06
183,2.603930711746216,5.3335161209106445,0.27989086508750916,5.2400922775268555,0.2437686026096344,3.117964267730713,4.442857265472412,0.3153911530971527,4.690837383270264,0.24767346680164337,1.56249996052793e-06
184,2.559140682220459,5.3335161209106445,0.2798581123352051,5.237381458282471,0.23724956810474396,3.1173083782196045,4.442857265472412,0.3153636157512665,4.690837383270264,0.24759654700756073,1.56249996052793e-06
185,2.6567306518554688,5.3335161209106445,0.2798239588737488,5.2310261726379395,0.2511225640773773,3.117353916168213,4.442857265472412,0.31536224484443665,4.690837383270264,0.24759675562381744,1.56249996052793e-06
186,2.59565806388855,5.3335161209106445,0.2797909080982208,5.277027130126953,0.24286609888076782,3.1171884536743164,4.442857265472412,0.31534919142723083,4.690837383270264,0.24757486581802368,1.56249996052793e-06
187,2.6096911430358887,5.3335161209106445,0.27975746989250183,5.228341102600098,0.24456669390201569,3.116968870162964,4.442857265472412,0.31533676385879517,4.690837383270264,0.24754630029201508,1.56249996052793e-06
188,2.5992088317871094,5.3335161209106445,0.27972427010536194,5.171082019805908,0.24316169321537018,3.1167991161346436,4.442857265472412,0.3153269588947296,4.690837383270264,0.24752318859100342,1.56249996052793e-06
189,2.608915090560913,5.3335161209106445,0.2796905040740967,5.191932201385498,0.24458710849285126,3.117159128189087,4.442857265472412,0.3153344988822937,4.690837383270264,0.24755853414535522,1.56249996052793e-06
190,2.657729148864746,5.3335161209106445,0.2796574831008911,5.256380081176758,0.25132250785827637,3.11706280708313,4.442857265472412,0.3153294622898102,4.690837383270264,0.24754290282726288,1.56249996052793e-06
191,2.5616302490234375,5.3335161209106445,0.2796246111392975,5.284366130828857,0.23794659972190857,3.116745948791504,4.442857265472412,0.31531181931495667,4.690837383270264,0.24750381708145142,1.56249996052793e-06
192,2.6125082969665527,5.3335161209106445,0.2795906364917755,5.260247707366943,0.24499893188476562,3.1165008544921875,4.442857265472412,0.31529805064201355,4.690837383270264,0.24747252464294434,1.56249996052793e-06
193,2.578606605529785,5.3335161209106445,0.27955713868141174,5.204128265380859,0.24008809030056,3.116351842880249,4.442857265472412,0.31529179215431213,4.690837383270264,0.24745015799999237,1.56249996052793e-06
194,2.5885560512542725,5.3335161209106445,0.279524028301239,5.2445387840271,0.24147069454193115,3.1162335872650146,4.442857265472412,0.315280944108963,4.690837383270264,0.24743349850177765,1.56249996052793e-06
195,2.6157240867614746,5.3335161209106445,0.2794915735721588,5.32236385345459,0.2458159625530243,3.1157214641571045,4.442857265472412,0.3152553141117096,4.690837383270264,0.2473740428686142,1.56249996052793e-06
196,2.652156352996826,5.3335161209106445,0.27945762872695923,5.2662129402160645,0.25058865547180176,3.115727424621582,4.442857265472412,0.31525158882141113,4.690837383270264,0.24737004935741425,1.56249996052793e-06
197,2.657010316848755,5.3335161209106445,0.27942436933517456,5.144776821136475,0.25153985619544983,3.1162126064300537,4.442857265472412,0.3152640163898468,4.690837383270264,0.2474191039800644,1.56249996052793e-06
198,2.624682664871216,5.3335161209106445,0.279391348361969,5.228410720825195,0.24678555130958557,3.1164424419403076,4.442857265472412,0.31526514887809753,4.690837383270264,0.24744106829166412,1.56249996052793e-06
199,2.6115641593933105,5.3335161209106445,0.27935734391212463,5.23259162902832,0.24493271112442017,3.1164393424987793,4.442857265472412,0.3152645528316498,4.690837383270264,0.24743936955928802,3.906249901319825e-07
